,DATE,TEAM-A,RESULT,TEAM-B
0,24-05-2025,Alaves,1 - 1,Osasuna
1,18-05-2025,Valladolid,0 - 1,Alaves
2,14-05-2025,Alaves,1 - 0,Valencia
3,11-05-2025,Ath Bilbao,1 - 0,Alaves
4,03-05-2025,Alaves,0 - 0,Ath Madrid
5,23-04-2025,Alaves,1 - 0,Sociedad
6,20-04-2025,Sevilla,1 - 1,Alaves
7,13-04-2025,Alaves,0 - 1,Real Madrid
8,05-04-2025,Girona,0 - 1,Alaves
9,29-03-2025,Alaves,0 - 2,Vallecano
10,14-03-2025,Las Palmas,2 - 2,Alaves
11,08-03-2025,Alaves,1 - 0,Villarreal
12,02-03-2025,Mallorca,1 - 1,Alaves
13,22-02-2025,Alaves,0 - 1,Espanol
14,09-02-2025,Alaves,0 - 1,Getafe
15,02-02-2025,FC Barcelona,1 - 0,Alaves
16,27-01-2025,Alaves,1 - 1,Celta
17,11-01-2025,Alaves,0 - 1,Girona
18,22-12-2024,Valencia,2 - 2,Alaves
19,15-12-2024,Alaves,1 - 1,Ath Bilbao
20,08-12-2024,Osasuna,2 - 2,Alaves
21,30-11-2024,Alaves,1 - 1,Leganes
22,23-11-2024,Ath Madrid,2 - 1,Alaves
23,09-11-2024,Villarreal,3 - 0,Alaves
24,01-11-2024,Alaves,1 - 0,Mallorca
25,26-10-2024,Vallecano,1 - 0,Alaves
26,18-10-2024,Alaves,2 - 3,Valladolid
27,06-10-2024,Alaves,0 - 3,FC Barcelona
28,28-09-2024,Getafe,2 - 0,Alaves
29,24-09-2024,Real Madrid,3 - 2,Alaves
30,20-09-2024,Alaves,2 - 1,Sevilla
31,14-09-2024,Espanol,3 - 2,Alaves
32,01-09-2024,Alaves,2 - 0,Las Palmas
33,28-08-2024,Sociedad,1 - 2,Alaves
34,25-08-2024,Alaves,0 - 0,Betis
35,16-08-2024,Celta,2 - 1,Alaves
36,25-05-2025,Ath Bilbao,0 - 3,FC Barcelona
37,18-05-2025,Valencia,0 - 1,Ath Bilbao
38,15-05-2025,Getafe,0 - 2,Ath Bilbao
39,11-05-2025,Ath Bilbao,1 - 0,Alaves
40,04-05-2025,Sociedad,0 - 0,Ath Bilbao
41,23-04-2025,Ath Bilbao,1 - 0,Las Palmas
42,20-04-2025,Real Madrid,1 - 0,Ath Bilbao
43,06-04-2025,Villarreal,0 - 0,Ath Bilbao
44,30-03-2025,Ath Bilbao,0 - 0,Osasuna
45,16-03-2025,Sevilla,0 - 1,Ath Bilbao
46,09-03-2025,Ath Bilbao,1 - 1,Mallorca
47,01-03-2025,Ath Madrid,1 - 0,Ath Bilbao
48,16-02-2025,Espanol,1 - 1,Ath Bilbao
49,02-02-2025,Betis,2 - 2,Ath Bilbao
50,26-01-2025,Ath Bilbao,0 - 0,Leganes
51,19-01-2025,Celta,1 - 2,Ath Bilbao
52,21-12-2024,Osasuna,1 - 2,Ath Bilbao
53,15-12-2024,Alaves,1 - 1,Ath Bilbao
54,08-12-2024,Ath Bilbao,2 - 0,Villarreal
55,04-12-2024,Ath Bilbao,2 - 1,Real Madrid
56,01-12-2024,Vallecano,1 - 2,Ath Bilbao
57,24-11-2024,Ath Bilbao,1 - 0,Sociedad
58,10-11-2024,Valladolid,1 - 1,Ath Bilbao
59,03-11-2024,Ath Bilbao,1 - 1,Betis
60,28-10-2024,Mallorca,0 - 0,Ath Bilbao
61,06-10-2024,Girona,2 - 1,Ath Bilbao
62,29-09-2024,Ath Bilbao,1 - 1,Sevilla
63,19-09-2024,Leganes,0 - 2,Ath Bilbao
64,31-08-2024,Ath Bilbao,0 - 1,Ath Madrid
65,28-08-2024,Ath Bilbao,1 - 0,Valencia
66,24-08-2024,FC Barcelona,2 - 1,Ath Bilbao
67,15-08-2024,Ath Bilbao,1 - 1,Getafe
68,15-05-2025,Osasuna,2 - 0,Ath Madrid
69,03-05-2025,Alaves,0 - 0,Ath Madrid
70,19-04-2025,Las Palmas,1 - 0,Ath Madrid
71,06-04-2025,Sevilla,1 - 2,Ath Madrid
72,29-03-2025,Espanol,1 - 1,Ath Madrid
73,16-03-2025,Ath Madrid,2 - 4,FC Barcelona
74,09-03-2025,Getafe,2 - 1,Ath Madrid
75,01-03-2025,Ath Madrid,1 - 0,Ath Bilbao
76,15-02-2025,Ath Madrid,1 - 1,Celta
77,08-02-2025,Real Madrid,1 - 1,Ath Madrid
78,01-02-2025,Ath Madrid,2 - 0,Mallorca
79,25-01-2025,Ath Madrid,1 - 1,Villarreal
80,18-01-2025,Leganes,1 - 0,Ath Madrid
81,12-01-2025,Ath Madrid,1 - 0,Osasuna
82,21-12-2024,FC Barcelona,1 - 2,Ath Madrid
83,15-12-2024,Ath Madrid,1 - 0,Getafe
84,23-11-2024,Ath Madrid,2 - 1,Alaves
85,10-11-2024,Mallorca,0 - 1,Ath Madrid
86,03-11-2024,Ath Madrid,2 - 0,Las Palmas
87,27-10-2024,Betis,1 - 0,Ath Madrid
88,06-10-2024,Sociedad,1 - 1,Ath Madrid
89,29-09-2024,Ath Madrid,1 - 1,Real Madrid
90,26-09-2024,Celta,0 - 1,Ath Madrid
91,22-09-2024,Vallecano,1 - 1,Ath Madrid
92,31-08-2024,Ath Bilbao,0 - 1,Ath Madrid
93,28-08-2024,Ath Madrid,0 - 0,Espanol
94,19-08-2024,Villarreal,2 - 2,Ath Madrid
95,23-05-2025,Betis,1 - 1,Valencia
96,18-05-2025,Ath Madrid,4 - 1,Betis
97,15-05-2025,Vallecano,2 - 2,Betis
98,11-05-2025,Betis,1 - 1,Osasuna
99,04-05-2025,Espanol,1 - 2,Betis
100,13-04-2025,Betis,1 - 2,Villarreal
101,05-04-2025,FC Barcelona,1 - 1,Betis
102,30-03-2025,Betis,2 - 1,Sevilla
103,09-03-2025,Betis,1 - 0,Las Palmas
104,01-03-2025,Betis,2 - 1,Real Madrid
105,23-02-2025,Getafe,1 - 2,Betis
106,08-02-2025,Celta,3 - 2,Betis
107,02-02-2025,Betis,2 - 2,Ath Bilbao
108,25-01-2025,Mallorca,0 - 1,Betis
109,18-01-2025,Betis,1 - 3,Alaves
110,11-01-2025,Valladolid,1 - 0,Betis
111,22-12-2024,Betis,1 - 1,Vallecano
112,15-12-2024,Villarreal,1 - 2,Betis
113,07-12-2024,Betis,2 - 2,FC Barcelona
114,01-12-2024,Sociedad,2 - 0,Betis
115,23-11-2024,Valencia,4 - 2,Betis
116,10-11-2024,Betis,2 - 2,Celta
117,03-11-2024,Ath Bilbao,1 - 1,Betis
118,27-10-2024,Betis,1 - 0,Ath Madrid
119,19-10-2024,Osasuna,1 - 2,Betis
120,06-10-2024,Sevilla,1 - 0,Betis
121,29-09-2024,Betis,1 - 0,Espanol
122,26-09-2024,Las Palmas,1 - 1,Betis
123,23-09-2024,Betis,1 - 2,Mallorca
124,18-09-2024,Betis,2 - 1,Getafe
125,13-09-2024,Betis,2 - 0,Leganes
126,01-09-2024,Real Madrid,2 - 0,Betis
127,25-08-2024,Alaves,0 - 0,Betis
128,15-08-2024,Betis,1 - 1,Girona
129,24-05-2025,Getafe,1 - 2,Celta
130,18-05-2025,Celta,1 - 2,Vallecano
131,13-05-2025,Sociedad,0 - 1,Celta
132,04-05-2025,Real Madrid,3 - 2,Celta
133,12-04-2025,Celta,0 - 2,Espanol
134,05-04-2025,Mallorca,1 - 2,Celta
135,31-03-2025,Celta,1 - 1,Las Palmas
136,15-03-2025,Valladolid,0 - 1,Celta
137,08-03-2025,Celta,2 - 1,Leganes
138,01-03-2025,Girona,2 - 2,Celta
139,21-02-2025,Celta,1 - 0,Osasuna
140,15-02-2025,Ath Madrid,1 - 1,Celta
141,02-02-2025,Valencia,2 - 1,Celta
142,27-01-2025,Alaves,1 - 1,Celta
143,19-01-2025,Celta,1 - 2,Ath Bilbao
144,10-01-2025,Vallecano,2 - 1,Celta
145,21-12-2024,Celta,2 - 0,Sociedad
146,14-12-2024,Sevilla,1 - 0,Celta
147,06-12-2024,Celta,2 - 0,Mallorca
148,30-11-2024,Espanol,3 - 1,Celta
149,23-11-2024,Celta,2 - 2,FC Barcelona
150,10-11-2024,Betis,2 - 2,Celta
151,04-11-2024,Celta,1 - 0,Getafe
152,27-10-2024,Leganes,3 - 0,Celta
153,19-10-2024,Celta,1 - 2,Real Madrid
154,05-10-2024,Las Palmas,0 - 1,Celta
155,29-09-2024,Celta,1 - 1,Girona
156,26-09-2024,Celta,0 - 1,Ath Madrid
157,22-09-2024,Ath Bilbao,3 - 1,Celta
158,01-09-2024,Osasuna,3 - 2,Celta
159,16-08-2024,Celta,2 - 1,Alaves
160,24-05-2025,Espanol,2 - 0,Las Palmas
161,18-05-2025,Osasuna,2 - 0,Espanol
162,15-05-2025,Espanol,0 - 2,FC Barcelona
163,11-05-2025,Leganes,3 - 2,Espanol
164,04-05-2025,Espanol,1 - 2,Betis
165,27-04-2025,Villarreal,1 - 0,Espanol
166,22-04-2025,Valencia,1 - 1,Espanol
167,18-04-2025,Espanol,1 - 0,Getafe
168,12-04-2025,Celta,0 - 2,Espanol
169,29-03-2025,Espanol,1 - 1,Ath Madrid
170,15-03-2025,Mallorca,2 - 1,Espanol
171,10-03-2025,Espanol,1 - 1,Girona
172,22-02-2025,Alaves,0 - 1,Espanol
173,16-02-2025,Espanol,1 - 1,Ath Bilbao
174,09-02-2025,Sociedad,2 - 1,Espanol
175,01-02-2025,Espanol,1 - 0,Real Madrid
176,25-01-2025,Sevilla,1 - 1,Espanol
177,17-01-2025,Espanol,2 - 1,Valladolid
178,11-01-2025,Espanol,1 - 1,Leganes
179,22-12-2024,Las Palmas,1 - 0,Espanol
180,18-12-2024,Espanol,1 - 1,Valencia
181,14-12-2024,Espanol,0 - 0,Osasuna
182,09-12-2024,Getafe,1 - 0,Espanol
183,23-11-2024,Girona,4 - 1,Espanol
184,03-11-2024,FC Barcelona,3 - 1,Espanol
185,25-10-2024,Espanol,0 - 2,Sevilla
186,19-10-2024,Ath Bilbao,4 - 1,Espanol
187,05-10-2024,Espanol,2 - 1,Mallorca
188,29-09-2024,Betis,1 - 0,Espanol
189,26-09-2024,Espanol,1 - 2,Villarreal
190,21-09-2024,Real Madrid,4 - 1,Espanol
191,31-08-2024,Espanol,2 - 1,Vallecano
192,28-08-2024,Ath Madrid,0 - 0,Espanol
193,24-08-2024,Espanol,0 - 1,Sociedad
194,19-08-2024,Valladolid,1 - 0,Espanol
195,18-05-2025,FC Barcelona,2 - 3,Villarreal
196,15-05-2025,Espanol,0 - 2,FC Barcelona
197,03-05-2025,Valladolid,1 - 2,FC Barcelona
198,22-04-2025,FC Barcelona,1 - 0,Mallorca
199,12-04-2025,Leganes,0 - 1,FC Barcelona
200,05-04-2025,FC Barcelona,1 - 1,Betis
201,22-02-2025,Las Palmas,0 - 2,FC Barcelona
202,17-02-2025,FC Barcelona,1 - 0,Vallecano
203,02-02-2025,FC Barcelona,1 - 0,Alaves
204,18-01-2025,Getafe,1 - 1,FC Barcelona
205,21-12-2024,FC Barcelona,1 - 2,Ath Madrid
206,15-12-2024,FC Barcelona,0 - 1,Leganes
207,07-12-2024,Betis,2 - 2,FC Barcelona
208,30-11-2024,FC Barcelona,1 - 2,Las Palmas
209,23-11-2024,Celta,2 - 2,FC Barcelona
210,10-11-2024,Sociedad,1 - 0,FC Barcelona
211,28-09-2024,Osasuna,4 - 2,FC Barcelona
212,25-09-2024,FC Barcelona,1 - 0,Getafe
213,27-08-2024,Vallecano,1 - 2,FC Barcelona
214,24-08-2024,FC Barcelona,2 - 1,Ath Bilbao
215,17-08-2024,Valencia,1 - 2,FC Barcelona
216,24-05-2025,Getafe,1 - 2,Celta
217,18-05-2025,Mallorca,1 - 2,Getafe
218,15-05-2025,Getafe,0 - 2,Ath Bilbao
219,10-05-2025,Valencia,3 - 0,Getafe
220,02-05-2025,Vallecano,1 - 0,Getafe
221,23-04-2025,Getafe,0 - 1,Real Madrid
222,18-04-2025,Espanol,1 - 0,Getafe
223,12-04-2025,Getafe,1 - 3,Las Palmas
224,30-03-2025,Getafe,1 - 2,Villarreal
225,16-03-2025,Osasuna,1 - 2,Getafe
226,09-03-2025,Getafe,2 - 1,Ath Madrid
227,02-03-2025,Leganes,1 - 0,Getafe
228,23-02-2025,Getafe,1 - 2,Betis
229,14-02-2025,Girona,1 - 2,Getafe
230,09-02-2025,Alaves,0 - 1,Getafe
231,01-02-2025,Getafe,0 - 0,Sevilla
232,18-01-2025,Getafe,1 - 1,FC Barcelona
233,12-01-2025,Las Palmas,1 - 2,Getafe
234,21-12-2024,Getafe,0 - 1,Mallorca
235,15-12-2024,Ath Madrid,1 - 0,Getafe
236,09-12-2024,Getafe,1 - 0,Espanol
237,01-12-2024,Real Madrid,2 - 0,Getafe
238,22-11-2024,Getafe,2 - 0,Valladolid
239,10-11-2024,Getafe,0 - 1,Girona
240,04-11-2024,Celta,1 - 0,Getafe
241,27-10-2024,Getafe,1 - 1,Valencia
242,20-10-2024,Villarreal,1 - 1,Getafe
243,05-10-2024,Getafe,1 - 1,Osasuna
244,28-09-2024,Getafe,2 - 0,Alaves
245,25-09-2024,FC Barcelona,1 - 0,Getafe
246,22-09-2024,Getafe,1 - 1,Leganes
247,18-09-2024,Betis,2 - 1,Getafe
248,14-09-2024,Sevilla,1 - 0,Getafe
249,01-09-2024,Getafe,0 - 0,Sociedad
250,24-08-2024,Getafe,0 - 0,Vallecano
251,15-08-2024,Ath Bilbao,1 - 1,Getafe
252,25-05-2025,Girona,0 - 4,Ath Madrid
253,18-05-2025,Sociedad,3 - 2,Girona
254,13-05-2025,Valladolid,0 - 1,Girona
255,10-05-2025,Girona,0 - 1,Villarreal
256,05-05-2025,Girona,1 - 0,Mallorca
257,24-04-2025,Leganes,1 - 1,Girona
258,21-04-2025,Girona,1 - 3,Betis
259,13-04-2025,Osasuna,2 - 1,Girona
260,05-04-2025,Girona,0 - 1,Alaves
261,30-03-2025,FC Barcelona,4 - 1,Girona
262,15-03-2025,Girona,1 - 1,Valencia
263,10-03-2025,Espanol,1 - 1,Girona
264,01-03-2025,Girona,2 - 2,Celta
265,23-02-2025,Real Madrid,2 - 0,Girona
266,14-02-2025,Girona,1 - 2,Getafe
267,08-02-2025,Ath Bilbao,3 - 0,Girona
268,03-02-2025,Girona,2 - 1,Las Palmas
269,26-01-2025,Vallecano,2 - 1,Girona
270,18-01-2025,Girona,1 - 2,Sevilla
271,11-01-2025,Alaves,0 - 1,Girona
272,14-12-2024,Mallorca,2 - 1,Girona
273,07-12-2024,Girona,0 - 3,Real Madrid
274,01-12-2024,Villarreal,2 - 2,Girona
275,10-11-2024,Getafe,0 - 1,Girona
276,26-10-2024,Las Palmas,1 - 0,Girona
277,19-10-2024,Girona,0 - 1,Sociedad
278,06-10-2024,Girona,2 - 1,Ath Bilbao
279,29-09-2024,Celta,1 - 1,Girona
280,25-09-2024,Girona,0 - 0,Vallecano
281,21-09-2024,Valencia,2 - 0,Girona
282,15-09-2024,Girona,1 - 4,FC Barcelona
283,01-09-2024,Sevilla,0 - 2,Girona
284,25-08-2024,Ath Madrid,3 - 0,Girona
285,15-08-2024,Betis,1 - 1,Girona
286,24-05-2025,Espanol,2 - 0,Las Palmas
287,18-05-2025,Las Palmas,0 - 1,Leganes
288,13-05-2025,Sevilla,1 - 0,Las Palmas
289,09-05-2025,Las Palmas,0 - 1,Vallecano
290,03-05-2025,Las Palmas,2 - 3,Valencia
291,23-04-2025,Ath Bilbao,1 - 0,Las Palmas
292,19-04-2025,Las Palmas,1 - 0,Ath Madrid
293,06-04-2025,Las Palmas,1 - 3,Sociedad
294,31-03-2025,Celta,1 - 1,Las Palmas
295,14-03-2025,Las Palmas,2 - 2,Alaves
296,09-03-2025,Betis,1 - 0,Las Palmas
297,28-02-2025,Valladolid,1 - 1,Las Palmas
298,22-02-2025,Las Palmas,0 - 2,FC Barcelona
299,16-02-2025,Mallorca,3 - 1,Las Palmas
300,08-02-2025,Las Palmas,1 - 2,Villarreal
301,03-02-2025,Girona,2 - 1,Las Palmas
302,24-01-2025,Las Palmas,1 - 1,Osasuna
303,19-01-2025,Real Madrid,4 - 1,Las Palmas
304,12-01-2025,Las Palmas,1 - 2,Getafe
305,22-12-2024,Las Palmas,1 - 0,Espanol
306,15-12-2024,Sociedad,0 - 0,Las Palmas
307,07-12-2024,Las Palmas,2 - 1,Valladolid
308,30-11-2024,FC Barcelona,1 - 2,Las Palmas
309,23-11-2024,Las Palmas,2 - 3,Mallorca
310,03-11-2024,Ath Madrid,2 - 0,Las Palmas
311,26-10-2024,Las Palmas,1 - 0,Girona
312,05-10-2024,Las Palmas,0 - 1,Celta
313,30-09-2024,Villarreal,3 - 1,Las Palmas
314,26-09-2024,Las Palmas,1 - 1,Betis
315,21-09-2024,Osasuna,2 - 1,Las Palmas
316,15-09-2024,Las Palmas,2 - 3,Ath Bilbao
317,01-09-2024,Alaves,2 - 0,Las Palmas
318,29-08-2024,Las Palmas,1 - 1,Real Madrid
319,25-08-2024,Leganes,2 - 1,Las Palmas
320,16-08-2024,Las Palmas,2 - 2,Sevilla
321,18-05-2025,Las Palmas,0 - 1,Leganes
322,14-05-2025,Villarreal,3 - 0,Leganes
323,04-05-2025,Sevilla,2 - 2,Leganes
324,24-04-2025,Leganes,1 - 1,Girona
325,19-04-2025,Mallorca,0 - 0,Leganes
326,12-04-2025,Leganes,0 - 1,FC Barcelona
327,07-04-2025,Leganes,1 - 1,Osasuna
328,29-03-2025,Real Madrid,3 - 2,Leganes
329,16-03-2025,Leganes,2 - 3,Betis
330,08-03-2025,Celta,2 - 1,Leganes
331,02-03-2025,Leganes,1 - 0,Getafe
332,23-02-2025,Sociedad,3 - 0,Leganes
333,09-02-2025,Valencia,2 - 0,Leganes
334,31-01-2025,Leganes,0 - 1,Vallecano
335,26-01-2025,Ath Bilbao,0 - 0,Leganes
336,18-01-2025,Leganes,1 - 0,Ath Madrid
337,11-01-2025,Espanol,1 - 1,Leganes
338,22-12-2024,Leganes,2 - 5,Villarreal
339,15-12-2024,FC Barcelona,0 - 1,Leganes
340,08-12-2024,Leganes,0 - 3,Sociedad
341,30-11-2024,Alaves,1 - 1,Leganes
342,24-11-2024,Leganes,0 - 3,Real Madrid
343,09-11-2024,Leganes,1 - 0,Sevilla
344,20-10-2024,Ath Madrid,3 - 1,Leganes
345,04-10-2024,Leganes,0 - 0,Valencia
346,28-09-2024,Vallecano,1 - 1,Leganes
347,22-09-2024,Getafe,1 - 1,Leganes
348,19-09-2024,Leganes,0 - 2,Ath Bilbao
349,13-09-2024,Betis,2 - 0,Leganes
350,31-08-2024,Leganes,0 - 1,Mallorca
351,28-08-2024,Valladolid,0 - 0,Leganes
352,25-08-2024,Leganes,2 - 1,Las Palmas
353,17-08-2024,Osasuna,1 - 1,Leganes
354,24-05-2025,Vallecano,0 - 0,Mallorca
355,18-05-2025,Mallorca,1 - 2,Getafe
356,14-05-2025,Real Madrid,2 - 1,Mallorca
357,10-05-2025,Mallorca,2 - 1,Valladolid
358,05-05-2025,Girona,1 - 0,Mallorca
359,22-04-2025,FC Barcelona,1 - 0,Mallorca
360,19-04-2025,Mallorca,0 - 0,Leganes
361,12-04-2025,Sociedad,0 - 2,Mallorca
362,05-04-2025,Mallorca,1 - 2,Celta
363,30-03-2025,Valencia,1 - 0,Mallorca
364,15-03-2025,Mallorca,2 - 1,Espanol
365,09-03-2025,Ath Bilbao,1 - 1,Mallorca
366,02-03-2025,Mallorca,1 - 1,Alaves
367,24-02-2025,Sevilla,1 - 1,Mallorca
368,10-02-2025,Mallorca,1 - 1,Osasuna
369,01-02-2025,Ath Madrid,2 - 0,Mallorca
370,25-01-2025,Mallorca,0 - 1,Betis
371,20-01-2025,Villarreal,4 - 0,Mallorca
372,21-12-2024,Getafe,0 - 1,Mallorca
373,14-12-2024,Mallorca,2 - 1,Girona
374,06-12-2024,Celta,2 - 0,Mallorca
375,03-12-2024,Mallorca,1 - 5,FC Barcelona
376,29-11-2024,Mallorca,2 - 1,Valencia
377,10-11-2024,Mallorca,0 - 1,Ath Madrid
378,01-11-2024,Alaves,1 - 0,Mallorca
379,28-10-2024,Mallorca,0 - 0,Ath Bilbao
380,20-10-2024,Mallorca,1 - 0,Vallecano
381,05-10-2024,Espanol,2 - 1,Mallorca
382,27-09-2024,Valladolid,1 - 2,Mallorca
383,23-09-2024,Betis,1 - 2,Mallorca
384,17-09-2024,Mallorca,1 - 0,Sociedad
385,14-09-2024,Mallorca,1 - 2,Villarreal
386,31-08-2024,Leganes,0 - 1,Mallorca
387,27-08-2024,Mallorca,0 - 0,Sevilla
388,24-08-2024,Osasuna,1 - 0,Mallorca
389,18-08-2024,Mallorca,1 - 1,Real Madrid
390,24-05-2025,Alaves,1 - 1,Osasuna
391,18-05-2025,Osasuna,2 - 0,Espanol
392,15-05-2025,Osasuna,2 - 0,Ath Madrid
393,11-05-2025,Betis,1 - 1,Osasuna
394,03-05-2025,Villarreal,4 - 2,Osasuna
395,24-04-2025,Osasuna,1 - 0,Sevilla
396,13-04-2025,Osasuna,2 - 1,Girona
397,07-04-2025,Leganes,1 - 1,Osasuna
398,30-03-2025,Ath Bilbao,0 - 0,Osasuna
399,27-03-2025,FC Barcelona,3 - 0,Osasuna
400,16-03-2025,Osasuna,1 - 2,Getafe
401,21-02-2025,Celta,1 - 0,Osasuna
402,15-02-2025,Osasuna,1 - 1,Real Madrid
403,10-02-2025,Mallorca,1 - 1,Osasuna
404,02-02-2025,Osasuna,2 - 1,Sociedad
405,24-01-2025,Las Palmas,1 - 1,Osasuna
406,19-01-2025,Osasuna,1 - 1,Vallecano
407,12-01-2025,Ath Madrid,1 - 0,Osasuna
408,21-12-2024,Osasuna,1 - 2,Ath Bilbao
409,14-12-2024,Espanol,0 - 0,Osasuna
410,08-12-2024,Osasuna,2 - 2,Alaves
411,02-12-2024,Sevilla,1 - 1,Osasuna
412,24-11-2024,Osasuna,2 - 2,Villarreal
413,09-11-2024,Real Madrid,4 - 0,Osasuna
414,02-11-2024,Osasuna,1 - 0,Valladolid
415,27-10-2024,Sociedad,0 - 2,Osasuna
416,19-10-2024,Osasuna,1 - 2,Betis
417,05-10-2024,Getafe,1 - 1,Osasuna
418,24-09-2024,Valencia,0 - 0,Osasuna
419,21-09-2024,Osasuna,2 - 1,Las Palmas
420,16-09-2024,Vallecano,3 - 1,Osasuna
421,29-08-2024,Girona,4 - 0,Osasuna
422,24-08-2024,Osasuna,1 - 0,Mallorca
423,17-08-2024,Osasuna,1 - 1,Leganes
424,24-05-2025,Real Madrid,2 - 0,Sociedad
425,18-05-2025,Sevilla,0 - 2,Real Madrid
426,14-05-2025,Real Madrid,2 - 1,Mallorca
427,23-04-2025,Getafe,0 - 1,Real Madrid
428,20-04-2025,Real Madrid,1 - 0,Ath Bilbao
429,13-04-2025,Alaves,0 - 1,Real Madrid
430,05-04-2025,Real Madrid,1 - 2,Valencia
431,15-03-2025,Villarreal,1 - 2,Real Madrid
432,09-03-2025,Real Madrid,2 - 1,Vallecano
433,01-03-2025,Betis,2 - 1,Real Madrid
434,23-02-2025,Real Madrid,2 - 0,Girona
435,15-02-2025,Osasuna,1 - 1,Real Madrid
436,08-02-2025,Real Madrid,1 - 1,Ath Madrid
437,01-02-2025,Espanol,1 - 0,Real Madrid
438,03-01-2025,Valencia,1 - 2,Real Madrid
439,04-12-2024,Ath Bilbao,2 - 1,Real Madrid
440,01-12-2024,Real Madrid,2 - 0,Getafe
441,26-10-2024,Real Madrid,0 - 4,FC Barcelona
442,19-10-2024,Celta,1 - 2,Real Madrid
443,05-10-2024,Real Madrid,2 - 0,Villarreal
444,29-09-2024,Ath Madrid,1 - 1,Real Madrid
445,14-09-2024,Sociedad,0 - 2,Real Madrid
446,01-09-2024,Real Madrid,2 - 0,Betis
447,29-08-2024,Las Palmas,1 - 1,Real Madrid
448,18-08-2024,Mallorca,1 - 1,Real Madrid
449,25-05-2025,Villarreal,4 - 2,Sevilla
450,18-05-2025,Sevilla,0 - 2,Real Madrid
451,13-05-2025,Sevilla,1 - 0,Las Palmas
452,10-05-2025,Celta,3 - 2,Sevilla
453,04-05-2025,Sevilla,2 - 2,Leganes
454,24-04-2025,Osasuna,1 - 0,Sevilla
455,20-04-2025,Sevilla,1 - 1,Alaves
456,11-04-2025,Valencia,1 - 0,Sevilla
457,06-04-2025,Sevilla,1 - 2,Ath Madrid
458,30-03-2025,Betis,2 - 1,Sevilla
459,16-03-2025,Sevilla,0 - 1,Ath Bilbao
460,09-03-2025,Sociedad,0 - 1,Sevilla
461,01-03-2025,Vallecano,1 - 1,Sevilla
462,24-02-2025,Sevilla,1 - 1,Mallorca
463,09-02-2025,Sevilla,1 - 4,FC Barcelona
464,01-02-2025,Getafe,0 - 0,Sevilla
465,25-01-2025,Sevilla,1 - 1,Espanol
466,18-01-2025,Girona,1 - 2,Sevilla
467,11-01-2025,Sevilla,1 - 1,Valencia
468,22-12-2024,Real Madrid,4 - 2,Sevilla
469,14-12-2024,Sevilla,1 - 0,Celta
470,02-12-2024,Sevilla,1 - 1,Osasuna
471,24-11-2024,Sevilla,1 - 0,Vallecano
472,09-11-2024,Leganes,1 - 0,Sevilla
473,03-11-2024,Sevilla,0 - 2,Sociedad
474,25-10-2024,Espanol,0 - 2,Sevilla
475,20-10-2024,FC Barcelona,5 - 1,Sevilla
476,06-10-2024,Sevilla,1 - 0,Betis
477,29-09-2024,Ath Bilbao,1 - 1,Sevilla
478,24-09-2024,Sevilla,2 - 1,Valladolid
479,20-09-2024,Alaves,2 - 1,Sevilla
480,14-09-2024,Sevilla,1 - 0,Getafe
481,01-09-2024,Sevilla,0 - 2,Girona
482,27-08-2024,Mallorca,0 - 0,Sevilla
483,23-08-2024,Sevilla,1 - 2,Villarreal
484,16-08-2024,Las Palmas,2 - 2,Sevilla
485,24-05-2025,Real Madrid,2 - 0,Sociedad
486,13-05-2025,Sociedad,0 - 1,Celta
487,10-05-2025,Ath Madrid,4 - 0,Sociedad
488,04-05-2025,Sociedad,0 - 0,Ath Bilbao
489,23-04-2025,Alaves,1 - 0,Sociedad
490,20-04-2025,Villarreal,2 - 2,Sociedad
491,12-04-2025,Sociedad,0 - 2,Mallorca
492,29-03-2025,Sociedad,2 - 1,Valladolid
493,16-03-2025,Vallecano,2 - 2,Sociedad
494,09-03-2025,Sociedad,0 - 1,Sevilla
495,02-03-2025,FC Barcelona,4 - 0,Sociedad
496,16-02-2025,Betis,3 - 0,Sociedad
497,09-02-2025,Sociedad,2 - 1,Espanol
498,02-02-2025,Osasuna,2 - 1,Sociedad
499,26-01-2025,Sociedad,0 - 3,Getafe
500,19-01-2025,Valencia,1 - 0,Sociedad
501,13-01-2025,Sociedad,1 - 0,Villarreal
502,21-12-2024,Celta,2 - 0,Sociedad
503,15-12-2024,Sociedad,0 - 0,Las Palmas
504,01-12-2024,Sociedad,2 - 0,Betis
505,24-11-2024,Ath Bilbao,1 - 0,Sociedad
506,10-11-2024,Sociedad,1 - 0,FC Barcelona
507,03-11-2024,Sevilla,0 - 2,Sociedad
508,27-10-2024,Sociedad,0 - 2,Osasuna
509,19-10-2024,Girona,0 - 1,Sociedad
510,06-10-2024,Sociedad,1 - 1,Ath Madrid
511,21-09-2024,Valladolid,0 - 0,Sociedad
512,17-09-2024,Mallorca,1 - 0,Sociedad
513,14-09-2024,Sociedad,0 - 2,Real Madrid
514,01-09-2024,Getafe,0 - 0,Sociedad
515,28-08-2024,Sociedad,1 - 2,Alaves
516,24-08-2024,Espanol,0 - 1,Sociedad
517,18-08-2024,Sociedad,1 - 2,Vallecano
518,23-05-2025,Betis,1 - 1,Valencia
519,18-05-2025,Valencia,0 - 1,Ath Bilbao
520,14-05-2025,Alaves,1 - 0,Valencia
521,22-04-2025,Valencia,1 - 1,Espanol
522,19-04-2025,Vallecano,1 - 1,Valencia
523,11-04-2025,Valencia,1 - 0,Sevilla
524,05-04-2025,Real Madrid,1 - 2,Valencia
525,30-03-2025,Valencia,1 - 0,Mallorca
526,15-03-2025,Girona,1 - 1,Valencia
527,08-03-2025,Valencia,2 - 1,Valladolid
528,22-02-2025,Valencia,0 - 3,Ath Madrid
529,15-02-2025,Villarreal,1 - 1,Valencia
530,09-02-2025,Valencia,2 - 0,Leganes
531,02-02-2025,Valencia,2 - 1,Celta
532,26-01-2025,FC Barcelona,7 - 1,Valencia
533,19-01-2025,Valencia,1 - 0,Sociedad
534,11-01-2025,Sevilla,1 - 1,Valencia
535,03-01-2025,Valencia,1 - 2,Real Madrid
536,22-12-2024,Valencia,2 - 2,Alaves
537,18-12-2024,Espanol,1 - 1,Valencia
538,13-12-2024,Valladolid,1 - 0,Valencia
539,07-12-2024,Valencia,0 - 1,Vallecano
540,29-11-2024,Mallorca,2 - 1,Valencia
541,27-10-2024,Getafe,1 - 1,Valencia
542,21-10-2024,Valencia,2 - 3,Las Palmas
543,04-10-2024,Leganes,0 - 0,Valencia
544,28-09-2024,Sociedad,3 - 0,Valencia
545,24-09-2024,Valencia,0 - 0,Osasuna
546,21-09-2024,Valencia,2 - 0,Girona
547,15-09-2024,Ath Madrid,3 - 0,Valencia
548,31-08-2024,Valencia,1 - 1,Villarreal
549,28-08-2024,Ath Bilbao,1 - 0,Valencia
550,23-08-2024,Celta,3 - 1,Valencia
551,17-08-2024,Valencia,1 - 2,FC Barcelona
552,24-05-2025,Leganes,3 - 0,Valladolid
553,18-05-2025,Valladolid,0 - 1,Alaves
554,13-05-2025,Valladolid,0 - 1,Girona
555,10-05-2025,Mallorca,2 - 1,Valladolid
556,03-05-2025,Valladolid,1 - 2,FC Barcelona
557,24-04-2025,Betis,5 - 1,Valladolid
558,20-04-2025,Valladolid,2 - 3,Osasuna
559,14-04-2025,Ath Madrid,4 - 2,Valladolid
560,06-04-2025,Valladolid,0 - 4,Getafe
561,29-03-2025,Sociedad,2 - 1,Valladolid
562,15-03-2025,Valladolid,0 - 1,Celta
563,08-03-2025,Valencia,2 - 1,Valladolid
564,28-02-2025,Valladolid,1 - 1,Las Palmas
565,23-02-2025,Ath Bilbao,7 - 1,Valladolid
566,16-02-2025,Valladolid,0 - 4,Sevilla
567,07-02-2025,Vallecano,1 - 0,Valladolid
568,01-02-2025,Villarreal,5 - 1,Valladolid
569,25-01-2025,Valladolid,0 - 3,Real Madrid
570,17-01-2025,Espanol,2 - 1,Valladolid
571,11-01-2025,Valladolid,1 - 0,Betis
572,20-12-2024,Girona,3 - 0,Valladolid
573,13-12-2024,Valladolid,1 - 0,Valencia
574,07-12-2024,Las Palmas,2 - 1,Valladolid
575,30-11-2024,Valladolid,0 - 5,Ath Madrid
576,22-11-2024,Getafe,2 - 0,Valladolid
577,10-11-2024,Valladolid,1 - 1,Ath Bilbao
578,02-11-2024,Osasuna,1 - 0,Valladolid
579,26-10-2024,Valladolid,1 - 2,Villarreal
580,05-10-2024,Valladolid,1 - 2,Vallecano
581,27-09-2024,Valladolid,1 - 2,Mallorca
582,24-09-2024,Sevilla,2 - 1,Valladolid
583,21-09-2024,Valladolid,0 - 0,Sociedad
584,15-09-2024,Celta,3 - 1,Valladolid
585,31-08-2024,FC Barcelona,7 - 0,Valladolid
586,28-08-2024,Valladolid,0 - 0,Leganes
587,25-08-2024,Real Madrid,3 - 0,Valladolid
588,19-08-2024,Valladolid,1 - 0,Espanol
589,24-05-2025,Vallecano,0 - 0,Mallorca
590,18-05-2025,Celta,1 - 2,Vallecano
591,15-05-2025,Vallecano,2 - 2,Betis
592,09-05-2025,Las Palmas,0 - 1,Vallecano
593,02-05-2025,Vallecano,1 - 0,Getafe
594,24-04-2025,Ath Madrid,3 - 0,Vallecano
595,19-04-2025,Vallecano,1 - 1,Valencia
596,13-04-2025,Ath Bilbao,3 - 1,Vallecano
597,04-04-2025,Vallecano,0 - 4,Espanol
598,29-03-2025,Alaves,0 - 2,Vallecano
599,16-03-2025,Vallecano,2 - 2,Sociedad
600,09-03-2025,Real Madrid,2 - 1,Vallecano
601,01-03-2025,Vallecano,1 - 1,Sevilla
602,22-02-2025,Vallecano,0 - 1,Villarreal
603,17-02-2025,FC Barcelona,1 - 0,Vallecano
604,07-02-2025,Vallecano,1 - 0,Valladolid
605,31-01-2025,Leganes,0 - 1,Vallecano
606,26-01-2025,Vallecano,2 - 1,Girona
607,19-01-2025,Osasuna,1 - 1,Vallecano
608,10-01-2025,Vallecano,2 - 1,Celta
609,22-12-2024,Betis,1 - 1,Vallecano
610,18-12-2024,Villarreal,1 - 1,Vallecano
611,07-12-2024,Valencia,0 - 1,Vallecano
612,01-12-2024,Vallecano,1 - 2,Ath Bilbao
613,24-11-2024,Sevilla,1 - 0,Vallecano
614,08-11-2024,Vallecano,1 - 3,Las Palmas
615,26-10-2024,Vallecano,1 - 0,Alaves
616,20-10-2024,Mallorca,1 - 0,Vallecano
617,05-10-2024,Valladolid,1 - 2,Vallecano
618,28-09-2024,Vallecano,1 - 1,Leganes
619,25-09-2024,Girona,0 - 0,Vallecano
620,22-09-2024,Vallecano,1 - 1,Ath Madrid
621,31-08-2024,Espanol,2 - 1,Vallecano
622,27-08-2024,Vallecano,1 - 2,FC Barcelona
623,24-08-2024,Getafe,0 - 0,Vallecano
624,18-08-2024,Sociedad,1 - 2,Vallecano
625,10-05-2025,Girona,0 - 1,Villarreal
626,27-04-2025,Villarreal,1 - 0,Espanol
627,23-04-2025,Celta,3 - 0,Villarreal
628,20-04-2025,Villarreal,2 - 2,Sociedad
629,13-04-2025,Betis,1 - 2,Villarreal
630,06-04-2025,Villarreal,0 - 0,Ath Bilbao
631,30-03-2025,Getafe,1 - 2,Villarreal
632,15-03-2025,Villarreal,1 - 2,Real Madrid
633,08-03-2025,Alaves,1 - 0,Villarreal
634,22-02-2025,Vallecano,0 - 1,Villarreal
635,15-02-2025,Villarreal,1 - 1,Valencia
636,08-02-2025,Las Palmas,1 - 2,Villarreal
637,25-01-2025,Ath Madrid,1 - 1,Villarreal
638,13-01-2025,Sociedad,1 - 0,Villarreal
639,18-12-2024,Villarreal,1 - 1,Vallecano
640,15-12-2024,Villarreal,1 - 2,Betis
641,08-12-2024,Ath Bilbao,2 - 0,Villarreal
642,01-12-2024,Villarreal,2 - 2,Girona
643,24-11-2024,Osasuna,2 - 2,Villarreal
644,26-10-2024,Valladolid,1 - 2,Villarreal
645,20-10-2024,Villarreal,1 - 1,Getafe
646,05-10-2024,Real Madrid,2 - 0,Villarreal
647,26-09-2024,Espanol,1 - 2,Villarreal
648,22-09-2024,Villarreal,1 - 5,FC Barcelona
649,14-09-2024,Mallorca,1 - 2,Villarreal
650,31-08-2024,Valencia,1 - 1,Villarreal
651,23-08-2024,Sevilla,1 - 2,Villarreal
652,19-08-2024,Villarreal,2 - 2,Ath Madrid
